{
  "cv_best_r2": 0.09939703891792018,
  "best_model": "RandomForest",
  "r2": 0.2816300807005051,
  "rmse": 8.433277350346948,
  "mae": 6.507290056508335
}